ID;name;description;short_description;UGS;regular_price;weight;tax:product_cat;stock;tax_status 
3;16 cartes postales Paris;;;'03506;4.5;0.00;Cartes;25;taxable 
15;Aimants Magnetic Poetry anglais;<p>Plus de 300 aimants-mots en anglais pour écrire des mots doux sur votre frigo dans la langue de Shakespeare… <br>Chaque aimants mesure envrion 9 mm de hauteur.</p>;<p>Plus de 300 aimants-mots en anglais pour écrire des mots doux sur votre frigo dans la langue de Shakespeare… <br>Chaque aimants mesure envrion 9 mm de hauteur.</p>;'01086;13.0002;0.22;Magnets;71;taxable 
21;Album 9 mois mille aventures;;;'03400;14.5002;0.00;Puériculture;64;taxable 
25;Animal lotto;;;'03948;8.7498;0.00;Jouets;84;taxable 
27;Appareil photo instantané Fuji bleu;<p>Léger et compact, l'élégant Instax Mini 8 vous accompagnera partout !<br> Le fonctionnement est simple <br> - il suffit de positionner l'indicateur d'exposition à DEL et d'appuyer sur le déclencheur, une photo couleur instantanée, de la taille d'une carte de crédit, est prêt en quelques minutes <br> - claire et nette ! <br>Film : Fujifilm Couleur instantanée «Instax Mini» (à acheter séparemment) <br>Taille de l’image : 62 mm x 46 mm <br>Objectif : 2 composants, 2 éléments, f=60mm, 1:12.7 <br>Viseur : visualisation de l’image réelle 0,37x avec repère de visée <br>Mise au point : de 60 cm à l’infini <br>Contrôle de l’exposition : système de commutation manuel (LED dans l’indicateur d’exposition) <br>Flash : Actif en continu (ajustement automatique de la lumière) <br>Temps de charge: de 2 à 6 sec. (avec des piles neuves) <br>Couverture : de 60 cm à 2,7 m <br>Alimentation : 2 piles alcalines LR6 - AA de 1,5 V <br>Capacité : 10 packs de 10 vues <br>Dimensions & Poids : 116mm x 118,3mm x 68,2mm / 307 g (sans pile, ni dragonne)</p>;<p>Léger et compact, l'élégant Instax Mini 8 vous accompagnera partout !<br> Le fonctionnement est simple <br> - il suffit de positionner l'indicateur d'exposition à DEL et d'appuyer sur le déclencheur, une photo couleur instantanée, de la taille d'une carte de crédit, est prêt en quelques minutes <br> - claire et nette ! <br>Film : Fujifilm Couleur instantanée «Instax Mini» (à acheter séparemment) <br>Taille de l’image : 62 mm x 46 mm <br>Objectif : 2 composants, 2 éléments, f=60mm, 1:12.7 <br>Viseur : visualisation de l’image réelle 0,37x avec repère de visée <br>Mise au point : de 60 cm à l’infini <br>Contrôle de l’exposition : système de commutation manuel (LED dans l’indicateur d’exposition) <br>Flash : Actif en continu (ajustement automatique de la lumière) <br>Temps de charge: de 2 à 6 sec. (avec des piles neuves) <br>Couverture : de 60 cm à 2,7 m <br>Alimentation : 2 piles alcalines LR6 - AA de 1,5 V <br>Capacité : 10 packs de 10 vues <br>Dimensions & Poids : 116mm x 118,3mm x 68,2mm / 307 g (sans pile, ni dragonne)</p>;'00710;49.5;0.43;Photo;37;taxable 
28;Appareil photo instantané Fuji framboise;<p>Léger et compact, l'élégant Instax Mini 8 vous accompagnera partout !<br> Le fonctionnement est simple <br> - il suffit de positionner l'indicateur d'exposition à DEL et d'appuyer sur le déclencheur, une photo couleur instantanée, de la taille d'une carte de crédit, est prêt en quelques minutes <br> - claire et nette ! <br>Film : Fujifilm Couleur instantanée «Instax Mini» (à acheter séparemment) <br>Taille de l’image : 62 mm x 46 mm <br>Objectif : 2 composants, 2 éléments, f=60mm, 1:12.7 <br>Viseur : visualisation de l’image réelle 0,37x avec repère de visée <br>Mise au point : de 60 cm à l’infini <br>Contrôle de l’exposition : système de commutation manuel (LED dans l’indicateur d’exposition) <br>Flash : Actif en continu (ajustement automatique de la lumière) <br>Temps de charge: de 2 à 6 sec. (avec des piles neuves) <br>Couverture : de 60 cm à 2,7 m <br>Alimentation : 2 piles alcalines LR6 - AA de 1,5 V <br>Capacité : 10 packs de 10 vues <br>Dimensions & Poids : 116mm x 118,3mm x 68,2mm / 307 g (sans pile, ni dragonne)</p>;<p>Léger et compact, l'élégant Instax Mini 8 vous accompagnera partout !<br> Le fonctionnement est simple <br> - il suffit de positionner l'indicateur d'exposition à DEL et d'appuyer sur le déclencheur, une photo couleur instantanée, de la taille d'une carte de crédit, est prêt en quelques minutes <br> - claire et nette ! <br>Film : Fujifilm Couleur instantanée «Instax Mini» (à acheter séparemment) <br>Taille de l’image : 62 mm x 46 mm <br>Objectif : 2 composants, 2 éléments, f=60mm, 1:12.7 <br>Viseur : visualisation de l’image réelle 0,37x avec repère de visée <br>Mise au point : de 60 cm à l’infini <br>Contrôle de l’exposition : système de commutation manuel (LED dans l’indicateur d’exposition) <br>Flash : Actif en continu (ajustement automatique de la lumière) <br>Temps de charge: de 2 à 6 sec. (avec des piles neuves) <br>Couverture : de 60 cm à 2,7 m <br>Alimentation : 2 piles alcalines LR6 - AA de 1,5 V <br>Capacité : 10 packs de 10 vues <br>Dimensions & Poids : 116mm x 118,3mm x 68,2mm / 307 g (sans pile, ni dragonne)</p>;'02834;49.5;0.43;Photo;11;taxable 
29;Appareil photo instantané Fuji noir;<p>Léger et compact, l'élégant Instax Mini 8 vous accompagnera partout !<br> Le fonctionnement est simple <br> - il suffit de positionner l'indicateur d'exposition à DEL et d'appuyer sur le déclencheur, une photo couleur instantanée, de la taille d'une carte de crédit, est prêt en quelques minutes <br> - claire et nette ! <br>Film : Fujifilm Couleur instantanée «Instax Mini» (à acheter séparemment) <br>Taille de l’image : 62 mm x 46 mm <br>Objectif : 2 composants, 2 éléments, f=60mm, 1:12.7 <br>Viseur : visualisation de l’image réelle 0,37x avec repère de visée <br>Mise au point : de 60 cm à l’infini <br>Contrôle de l’exposition : système de commutation manuel (LED dans l’indicateur d’exposition) <br>Flash : Actif en continu (ajustement automatique de la lumière) <br>Temps de charge: de 2 à 6 sec. (avec des piles neuves) <br>Couverture : de 60 cm à 2,7 m <br>Alimentation : 2 piles alcalines LR6 - AA de 1,5 V <br>Capacité : 10 packs de 10 vues <br>Dimensions & Poids : 116mm x 118,3mm x 68,2mm / 307 g (sans pile, ni dragonne)</p>;<p>Léger et compact, l'élégant Instax Mini 8 vous accompagnera partout !<br> Le fonctionnement est simple <br> - il suffit de positionner l'indicateur d'exposition à DEL et d'appuyer sur le déclencheur, une photo couleur instantanée, de la taille d'une carte de crédit, est prêt en quelques minutes <br> - claire et nette ! <br>Film : Fujifilm Couleur instantanée «Instax Mini» (à acheter séparemment) <br>Taille de l’image : 62 mm x 46 mm <br>Objectif : 2 composants, 2 éléments, f=60mm, 1:12.7 <br>Viseur : visualisation de l’image réelle 0,37x avec repère de visée <br>Mise au point : de 60 cm à l’infini <br>Contrôle de l’exposition : système de commutation manuel (LED dans l’indicateur d’exposition) <br>Flash : Actif en continu (ajustement automatique de la lumière) <br>Temps de charge: de 2 à 6 sec. (avec des piles neuves) <br>Couverture : de 60 cm à 2,7 m <br>Alimentation : 2 piles alcalines LR6 - AA de 1,5 V <br>Capacité : 10 packs de 10 vues <br>Dimensions & Poids : 116mm x 118,3mm x 68,2mm / 307 g (sans pile, ni dragonne)</p>;'00708;49.5;0.43;Photo;78;taxable 
37;Assiette carton BISOUS;;;'03872;2.4498;0.00;Vaisselle de fête;8;taxable 
44;Assiette lapin;<p>Parfaite pour le repas des petits, une assiette en mélamine décorée d'un dessin de l'illustratrice suédoise Ingela p.Arrhenius. <br>Diamètre 20 cm.</p>;<p>Parfaite pour le repas des petits, une assiette en mélamine décorée d'un dessin de l'illustratrice suédoise Ingela p.Arrhenius. <br>Diamètre 20 cm.</p>;'00769;4.2498;0.11;Vaisselle enfants;92;taxable 
45;Assiette lion;<p>Parfaite pour le repas des petits, une assiette en mélamine décorée d'un dessin de l'illustratrice suédoise Ingela p.Arrhenius. <br>Diamètre 20 cm.</p>;<p>Parfaite pour le repas des petits, une assiette en mélamine décorée d'un dessin de l'illustratrice suédoise Ingela p.Arrhenius. <br>Diamètre 20 cm.</p>;'01281;4.2498;0.12;Vaisselle enfants;49;taxable 
46;Assiette oiseau rose;;;'01708;4.2498;0.00;Vaisselle enfants;8;taxable 
52;Assiettes Triangles argent métalisés;<p>8 assiettes en carton à triangles argentés, dessinées par My Little Day<br>. Les assiettes multicolores sont idéales aussi bien pour un anniversaire de princesse ou dastronaute, que pour fêter le réveillon du Nouvel An!<br>Elles égaieront également votre table lors dun pique-nique estival, un goûter, un mariage, un baptême ou lors dune fête de famille.<br>Diamètre : 23 cm.</p>;<p>8 assiettes en carton à triangles argentés, dessinées par My Little Day<br>. Les assiettes multicolores sont idéales aussi bien pour un anniversaire de princesse ou dastronaute, que pour fêter le réveillon du Nouvel An!<br>Elles égaieront également votre table lors dun pique-nique estival, un goûter, un mariage, un baptême ou lors dune fête de famille.<br>Diamètre : 23 cm.</p>;'03878;2.9502;0.14;Vaisselle de fête;50;taxable 
55;Assiettes en carton losanges roses par 8;;;'00654;2.4498;0.00;Vaisselle de fête;33;taxable 
80;Bloc agenda pour les tâches quotidiennes;;;'02046;4.9998;0.00;Blocs note;88;taxable 
126;Bol Chats bleu;<p>Parfait pour le repas des petits, un bol en mélamine décorée dadorabes petits chats. <br>Diamètre 16 cm. <br>Passe au lave-vaisselle.</p>;<p>Parfait pour le repas des petits, un bol en mélamine décorée dadorabes petits chats. <br>Diamètre 16 cm. <br>Passe au lave-vaisselle.</p>;'03539;4.0002;0.00;Vaisselle enfants;85;taxable 
146;Bol lion;;;'01712;4.0002;0.00;Vaisselle enfants;48;taxable 
199;Charm ice cream blanc;;;'04412;1.95;0.00;Petits cadeaux;96;taxable 
243;Carnet A5 Terrazzo blanc;<p>Un carnet ligné dans un imprimé marbre "terrazzo" blanc très chic, en format A5. <br>Dimensions : 21 x 14,9 cm.<br> 60 pages. <br>Fabriqué en Espagne.</p>;<p>Un carnet ligné dans un imprimé marbre "terrazzo" blanc très chic, en format A5. <br>Dimensions : 21 x 14,9 cm.<br> 60 pages. <br>Fabriqué en Espagne.</p>;'04270;7.0002;0.21;Carnets et Cahiers;5;taxable 
260;Carnet Ce qui me charme à Paris;<p>Les aventures et expériences vécues à Paris méritent d être écrite!<br>Alors dégaine ton super carnet de 96 pages Lovely Streets pour y écrire toutes tes petites histoires!<br>Dimensions : 15 x 21 cm</p>;<p>Les aventures et expériences vécues à Paris méritent d être écrite!<br>Alors dégaine ton super carnet de 96 pages Lovely Streets pour y écrire toutes tes petites histoires!<br>Dimensions : 15 x 21 cm</p>;'02622;6.4998;0.00;Carnets et Cahiers;36;taxable 
262;Carnet Grand Format Petits Moments;;;'04060;9;0.00;Carnets et Cahiers;38;taxable 
264;Carnet Super Pouvoirs;;;'02490;7.9998;0.00;Carnets et Cahiers;88;taxable 
275;Carnet rien n'est impossible;<p>Rien n’est impossible. Une phrase à ne pas oublier les jours sombres où l’on serait prêt à mettre la tête dans la cuvette et à tirer la chasse... Heureusement, il y a toujours mieux que ce genre de plongée. <br>Même quand on broie du noir, il existe une solution. <br>Courage, tout peut arriver ! <br>Carnet rigide avec reliure double spirale WireO noire, très pratique pour ouvrir, fermer et plier le carnet, avec des feuilles quadrillées. <br>Dimensions : 14,8 x 21 cm (A5) <br>Volume : 100 feuilles de papier quadrillé 90 g</p>;<p>Rien n’est impossible. Une phrase à ne pas oublier les jours sombres où l’on serait prêt à mettre la tête dans la cuvette et à tirer la chasse... Heureusement, il y a toujours mieux que ce genre de plongée. <br>Même quand on broie du noir, il existe une solution. <br>Courage, tout peut arriver ! <br>Carnet rigide avec reliure double spirale WireO noire, très pratique pour ouvrir, fermer et plier le carnet, avec des feuilles quadrillées. <br>Dimensions : 14,8 x 21 cm (A5) <br>Volume : 100 feuilles de papier quadrillé 90 g</p>;'02048;7.9998;0.42;Carnets et Cahiers;18;taxable 
276;Carnet à colorier Lettres;<p>Laissez libre court à votre créativité grâce à ce joli carnet de coloriage qui joue avec les typographies et les lettres de l'alphabet ! <br>format poche à emporter partout ! <br>Coloriez, imaginez et créez tout en vous relaxant.</p>;<p>Laissez libre court à votre créativité grâce à ce joli carnet de coloriage qui joue avec les typographies et les lettres de l'alphabet ! <br>format poche à emporter partout ! <br>Coloriez, imaginez et créez tout en vous relaxant.</p>;'03685;3.2502;0.08;Coloriages;34;taxable 
277;Carnet à colorier Mineral;<p>Laissez libre court à votre créativité grâce à ce joli carnet de coloriage qui joue avec les typographies et les lettres de l'alphabet ! <br>format poche à emporter partout ! <br>Coloriez, imaginez et créez tout en vous relaxant.</p>;<p>Laissez libre court à votre créativité grâce à ce joli carnet de coloriage qui joue avec les typographies et les lettres de l'alphabet ! <br>format poche à emporter partout ! <br>Coloriez, imaginez et créez tout en vous relaxant.</p>;'03684;3.2502;0.08;Coloriages;9;taxable 
278;Carnet à colorier NY;;;'03683;3.2502;0.00;Coloriages;43;taxable 
285;Carte JOYEUX ANNIVERSAIRE paillettes violet;<p>Quoi de mieux qu'une multitude de paillettes pour fêter ceux que l'on aime ? <br>Une carte "Joyeux anniversaire" écrite en paillettes violettes !</p>;<p>Quoi de mieux qu'une multitude de paillettes pour fêter ceux que l'on aime ? <br>Une carte "Joyeux anniversaire" écrite en paillettes violettes !</p>;'04254;1.7502;0.00;Cartes;55;taxable 
289;Carte MERCI Ice cream Doré paillettes;<p>Parce que les paillettes c'est la vie ! <br>Une carte "Merci" écrite en paillettes dorées.</p>;<p>Parce que les paillettes c'est la vie ! <br>Une carte "Merci" écrite en paillettes dorées.</p>;'04253;1.7502;0.00;Cartes;3;taxable 
290;Carte MY DADDY paillettes;<p>Parce que Papa le mérite bien, une carte à paillettes pour lui dire combien on l'aime !</p>;<p>Parce que Papa le mérite bien, une carte à paillettes pour lui dire combien on l'aime !</p>;'04255;1.7502;0.00;Cartes;85;taxable 
292;Carte Marque Page Dino Vert;<p>Une jolie carte avec un petit personnage vert qui s'enlève et s'utilise comme marque-page. <br>Dimensions : 10,5 x 14 cm. <br> Enveloppe fournie.</p>;<p>Une jolie carte avec un petit personnage vert qui s'enlève et s'utilise comme marque-page. <br>Dimensions : 10,5 x 14 cm. <br> Enveloppe fournie.</p>;'03334;2.1;0.00;Cartes;78;taxable 
293;Carte Marque Page Ourson;<p>Une jolie carte avec un petit ourson qui s'enlève et s'utilise comme marque-page. <br>Dimensions : 10,5 x 14 cm. <br>Enveloppe fournie.</p>;<p>Une jolie carte avec un petit ourson qui s'enlève et s'utilise comme marque-page. <br>Dimensions : 10,5 x 14 cm. <br>Enveloppe fournie.</p>;'03335;2.1;0.00;Cartes;63;taxable 
309;Cartes postales a colorier Happy messages;;;'03794;5.5002;0.13;Cartes;5;taxable 
328;Charm fantôme;<p>Cet adorable petit "charm" fera un super petit cadeau ! <br>Accrochez-le à votre téléphone, votre cartable, ou même à votre sapin de Noël. <br>Taille : environ 4 cm. <br>Ne convient pas aux enfants de moins de 36 mois.</p>;<p>Cet adorable petit "charm" fera un super petit cadeau ! <br>Accrochez-le à votre téléphone, votre cartable, ou même à votre sapin de Noël. <br>Taille : environ 4 cm. <br>Ne convient pas aux enfants de moins de 36 mois.</p>;'03901;1.95;0.00;Petits cadeaux;36;taxable 
329;Charm ice cream jaune;;;'03905;1.95;0.00;Petits cadeaux;86;taxable 
330;Charm ice cream rose;<p>Cet adorable petit "charm" fera un super petit cadeau ! <br>Accrochez-le à votre téléphone, votre cartable, ou même à votre sapin de Noël. <br>Taille : environ 4 cm. <br>Ne convient pas aux enfants de moins de 36 mois.</p>;<p>Cet adorable petit "charm" fera un super petit cadeau ! <br>Accrochez-le à votre téléphone, votre cartable, ou même à votre sapin de Noël. <br>Taille : environ 4 cm. <br>Ne convient pas aux enfants de moins de 36 mois.</p>;'03904;1.95;0.00;Petits cadeaux;76;taxable 
331;Charm nuage;<p>Cet adorable petit "charm" fera un super petit cadeau ! <br>Accrochez-le à votre téléphone, votre cartable, ou même à votre sapin de Noël. <br>Taille : environ 4 cm. <br>Ne convient pas aux enfants de moins de 36 mois.</p>;<p>Cet adorable petit "charm" fera un super petit cadeau ! <br>Accrochez-le à votre téléphone, votre cartable, ou même à votre sapin de Noël. <br>Taille : environ 4 cm. <br>Ne convient pas aux enfants de moins de 36 mois.</p>;'03900;1.95;0.00;Petits cadeaux;13;taxable 
332;Charm rainbow;<p>Cet adorable petit "charm" fera un super petit cadeau ! <br>Accrochez-le à votre téléphone, votre cartable, ou même à votre sapin de Noël. <br>Taille : environ 4 cm. <br>Ne convient pas aux enfants de moins de 36 mois.</p>;<p>Cet adorable petit "charm" fera un super petit cadeau ! <br>Accrochez-le à votre téléphone, votre cartable, ou même à votre sapin de Noël. <br>Taille : environ 4 cm. <br>Ne convient pas aux enfants de moins de 36 mois.</p>;'04106;1.95;0.00;Petits cadeaux;43;taxable 
333;Charm soleil;<p>Cet adorable petit "charm" fera un super petit cadeau ! <br>Accrochez-le à votre téléphone, votre cartable, ou même à votre sapin de Noël. <br>Taille : environ 4 cm. <br>Ne convient pas aux enfants de moins de 36 mois.</p>;<p>Cet adorable petit "charm" fera un super petit cadeau ! <br>Accrochez-le à votre téléphone, votre cartable, ou même à votre sapin de Noël. <br>Taille : environ 4 cm. <br>Ne convient pas aux enfants de moins de 36 mois.</p>;'03902;1.95;0.00;Petits cadeaux;54;taxable 
335;Charm étoile rose;<p>Cet adorable petit "charm" fera un super petit cadeau ! <br>Accrochez-le à votre téléphone, votre cartable, ou même à votre sapin de Noël. <br>Taille : environ 4 cm. <br>Ne convient pas aux enfants de moins de 36 mois.</p>;<p>Cet adorable petit "charm" fera un super petit cadeau ! <br>Accrochez-le à votre téléphone, votre cartable, ou même à votre sapin de Noël. <br>Taille : environ 4 cm. <br>Ne convient pas aux enfants de moins de 36 mois.</p>;'03906;1.95;0.00;Petits cadeaux;51;taxable 
350;Coloriage FRISE a colorier  4 saisons;<p>Un coloriage géant de la marque Omy, tel une ballade dans la nature sur le thème des 4 saisons. <br>Présenté sous forme dune frise à  dérouler de 1,80 m x 0,50 cm, à accrocher au mur, à dérouler par terre ou à utiliser en nappe... <br>Tout est permis ! <br>Contenu 1 poster Impression sur papier offset 150gr/m2</p>;<p>Un coloriage géant de la marque Omy, tel une ballade dans la nature sur le thème des 4 saisons. <br>Présenté sous forme dune frise à  dérouler de 1,80 m x 0,50 cm, à accrocher au mur, à dérouler par terre ou à utiliser en nappe... <br>Tout est permis ! <br>Contenu 1 poster Impression sur papier offset 150gr/m2</p>;'04195;8.7498;0.26;Coloriages;54;taxable 
351;Coloriage FRISE a colorier  City;Paris, Barcelone, Londres, New York et Tokyo, ce coloriage géant de la marque Omy vous propose une jolie balade autour du monde. Présenté sous forme dune frise à dérouler de 1,80 m x 0,50 cm, à accrocher au mur, à dérouler par terre ou à utiliser en nappe... Tout est permis ! Contenu 1 poster Impression sur papier offset 150gr/m_;Paris, Barcelone, Londres, New York et Tokyo, ce coloriage géant de la marque Omy vous propose une jolie balade autour du monde. Présenté sous forme dune frise à dérouler de 1,80 m x 0,50 cm, à accrocher au mur, à dérouler par terre ou à utiliser en nappe... Tout est permis ! Contenu 1 poster Impression sur papier offset 150gr/m_;'02407;8.7498;0.26;Coloriages;84;taxable 
352;Coloriage FRISE a colorier  Paris;<p>Un coloriage géant de la marque Omy, tel une ballade dans la nature sur le thème des 4 saisons. <br>Présenté sous forme dune frise à  dérouler de 1,80 m x 0,50 cm, à accrocher au mur, à dérouler par terre ou à utiliser en nappe... <br>Tout est permis ! <br>Contenu 1 poster Impression sur papier offset 150gr/m2</p>;<p>Un coloriage géant de la marque Omy, tel une ballade dans la nature sur le thème des 4 saisons. <br>Présenté sous forme dune frise à  dérouler de 1,80 m x 0,50 cm, à accrocher au mur, à dérouler par terre ou à utiliser en nappe... <br>Tout est permis ! <br>Contenu 1 poster Impression sur papier offset 150gr/m2</p>;'00596;8.7498;0.26;Coloriages;26;taxable 
353;Coloriage MOYEN dinosaures;;;'04200;5.5002;0.00;Coloriages;13;taxable 
354;Coloriage MOYEN home;<p>Un coloriage géant de la marque Omy, tel une ballade dans la nature sur le thème des 4 saisons. <br>Présenté sous forme dune frise à  dérouler de 1,80 m x 0,50 cm, à accrocher au mur, à dérouler par terre ou à utiliser en nappe... <br>Tout est permis ! <br>Contenu 1 poster Impression sur papier offset 150gr/m2</p>;<p>Un coloriage géant de la marque Omy, tel une ballade dans la nature sur le thème des 4 saisons. <br>Présenté sous forme dune frise à  dérouler de 1,80 m x 0,50 cm, à accrocher au mur, à dérouler par terre ou à utiliser en nappe... <br>Tout est permis ! <br>Contenu 1 poster Impression sur papier offset 150gr/m2</p>;'04199;5.5002;0.15;Coloriages;71;taxable 
355;Coloriage MOYEN océan;;;'04197;5.5002;0.00;Coloriages;75;taxable 
356;Coloriage MOYEN pop;<p>Un coloriage géant de la marque Omy, tel une ballade dans la nature sur le thème des 4 saisons. <br>Présenté sous forme dune frise à  dérouler de 1,80 m x 0,50 cm, à accrocher au mur, à dérouler par terre ou à utiliser en nappe... <br>Tout est permis ! <br>Contenu 1 poster Impression sur papier offset 150gr/m2</p>;<p>Un coloriage géant de la marque Omy, tel une ballade dans la nature sur le thème des 4 saisons. <br>Présenté sous forme dune frise à  dérouler de 1,80 m x 0,50 cm, à accrocher au mur, à dérouler par terre ou à utiliser en nappe... <br>Tout est permis ! <br>Contenu 1 poster Impression sur papier offset 150gr/m2</p>;'04198;5.5002;0.15;Coloriages;64;taxable 
362;Coloriage MOYEN Cosmos;;;'01360;5.5002;0.00;Coloriages;82;taxable 
363;Coloriage MOYEN France;<p>Un coloriage géant de la marque Omy, tel une ballade dans la nature sur le thème des 4 saisons. <br>Présenté sous forme dune frise à  dérouler de 1,80 m x 0,50 cm, à accrocher au mur, à dérouler par terre ou à utiliser en nappe... <br>Tout est permis ! <br>Contenu 1 poster Impression sur papier offset 150gr/m2</p>;<p>Un coloriage géant de la marque Omy, tel une ballade dans la nature sur le thème des 4 saisons. <br>Présenté sous forme dune frise à  dérouler de 1,80 m x 0,50 cm, à accrocher au mur, à dérouler par terre ou à utiliser en nappe... <br>Tout est permis ! <br>Contenu 1 poster Impression sur papier offset 150gr/m2</p>;'02401;5.5002;0.15;Coloriages;30;taxable 
364;Coloriage MOYEN Games;<p>Un coloriage géant de la marque Omy, tel une ballade dans la nature sur le thème des 4 saisons. <br>Présenté sous forme dune frise à  dérouler de 1,80 m x 0,50 cm, à accrocher au mur, à dérouler par terre ou à utiliser en nappe... <br>Tout est permis ! <br>Contenu 1 poster Impression sur papier offset 150gr/m2</p>;<p>Un coloriage géant de la marque Omy, tel une ballade dans la nature sur le thème des 4 saisons. <br>Présenté sous forme dune frise à  dérouler de 1,80 m x 0,50 cm, à accrocher au mur, à dérouler par terre ou à utiliser en nappe... <br>Tout est permis ! <br>Contenu 1 poster Impression sur papier offset 150gr/m2</p>;'03891;5.5002;0.15;Coloriages;69;taxable 
365;Coloriage MOYEN Magic;<p>Un coloriage géant de la marque Omy, tel une ballade dans la nature sur le thème des 4 saisons. <br>Présenté sous forme dune frise à  dérouler de 1,80 m x 0,50 cm, à accrocher au mur, à dérouler par terre ou à utiliser en nappe... <br>Tout est permis ! <br>Contenu 1 poster Impression sur papier offset 150gr/m2</p>;<p>Un coloriage géant de la marque Omy, tel une ballade dans la nature sur le thème des 4 saisons. <br>Présenté sous forme dune frise à  dérouler de 1,80 m x 0,50 cm, à accrocher au mur, à dérouler par terre ou à utiliser en nappe... <br>Tout est permis ! <br>Contenu 1 poster Impression sur papier offset 150gr/m2</p>;'01359;5.5002;0.15;Coloriages;12;taxable 
366;Coloriage MOYEN New York;<p>Un coloriage géant de la marque Omy, tel une ballade dans la nature sur le thème des 4 saisons. <br>Présenté sous forme dune frise à  dérouler de 1,80 m x 0,50 cm, à accrocher au mur, à dérouler par terre ou à utiliser en nappe... <br>Tout est permis ! <br>Contenu 1 poster Impression sur papier offset 150gr/m2</p>;<p>Un coloriage géant de la marque Omy, tel une ballade dans la nature sur le thème des 4 saisons. <br>Présenté sous forme dune frise à  dérouler de 1,80 m x 0,50 cm, à accrocher au mur, à dérouler par terre ou à utiliser en nappe... <br>Tout est permis ! <br>Contenu 1 poster Impression sur papier offset 150gr/m2</p>;'03203;5.5002;0.15;Coloriages;80;taxable 
367;Coloriage MOYEN Paris;<p>Un coloriage géant de la marque Omy, tel une ballade dans la nature sur le thème des 4 saisons. <br>Présenté sous forme dune frise à  dérouler de 1,80 m x 0,50 cm, à accrocher au mur, à dérouler par terre ou à utiliser en nappe... <br>Tout est permis ! <br>Contenu 1 poster Impression sur papier offset 150gr/m2</p>;<p>Un coloriage géant de la marque Omy, tel une ballade dans la nature sur le thème des 4 saisons. <br>Présenté sous forme dune frise à  dérouler de 1,80 m x 0,50 cm, à accrocher au mur, à dérouler par terre ou à utiliser en nappe... <br>Tout est permis ! <br>Contenu 1 poster Impression sur papier offset 150gr/m2</p>;'01357;5.5002;0.15;Coloriages;1;taxable 
369;Coloriage MOYEN football;;;'03726;5.5002;0.00;Coloriages;57;taxable 
370;Coloriage MOYEN party;Une gigantesque fête dans une cité labyrinthe imaginaire à colorier. A accrocher au mur,à dérouler par terre ... Tout est permis ! Contenu 1 poster Format déplié 70 cm x 100 cm Impression sur papier recyclé;Une gigantesque fête dans une cité labyrinthe imaginaire à colorier. A accrocher au mur,à dérouler par terre ... Tout est permis ! Contenu 1 poster Format déplié 70 cm x 100 cm Impression sur papier recyclé;'03890;5.5002;0.15;Coloriages;87;taxable 
371;Coloriage pocket game City;Ce coloriage de poche fait découvrir les grandes villes du monde aux enfants : Barcelone, New York, Paris et Londres. Sous forme de jeu, ce coloriage au graphisme ludique guide le joueur ˆ travers un tour du monde. Enfin des coloriages géants que lon peut faire partout, même dans le train ! Les rgles du jeu sont traduites en 6 langues. Le coloriage se découpe grâce ˆ ses pointillés pré-découpés afin de pouvoir le ranger et le conserver.;Ce coloriage de poche fait découvrir les grandes villes du monde aux enfants : Barcelone, New York, Paris et Londres. Sous forme de jeu, ce coloriage au graphisme ludique guide le joueur ˆ travers un tour du monde. Enfin des coloriages géants que lon peut faire partout, même dans le train ! Les rgles du jeu sont traduites en 6 langues. Le coloriage se découpe grâce ˆ ses pointillés pré-découpés afin de pouvoir le ranger et le conserver.;'02395;3.45;0.03;Coloriages;99;taxable 
372;Coloriage pocket game Cosmos;;;'02398;3.45;0.00;Coloriages;22;taxable 
373;Coloriage pocket game Fantastic;;;'02397;3.45;0.00;Coloriages;83;taxable 
374;Coloriage pocket game Magic;;;'02396;3.45;0.00;Coloriages;5;taxable 
384;Connais-tu les étoiles;Une jolie boite rétro remplie de précieux conseils pour apprendre à reconnaÎtre les étoiles et les constellations... Pour les petits comme les grands ! Taille de la boite : 10 x 8 x 2 cm;Une jolie boite rétro remplie de précieux conseils pour apprendre à reconnaÎtre les étoiles et les constellations... Pour les petits comme les grands ! Taille de la boite : 10 x 8 x 2 cm;'00305;3.75;0.00;Jeux;99;taxable 
436;Dominos dessins;Un grand classique des jeux de société, le jeu de dominos, illustré dans un style rétro par Ingela Arrhenius. À partir de 3 ans.;Un grand classique des jeux de société, le jeu de dominos, illustré dans un style rétro par Ingela Arrhenius. À partir de 3 ans.;'01437;7.2498;0.21;Jeux;21;taxable 
437;Doudou Mini Ananas;Un mini doudou en forme d ananas trop mignon, avec un ruban à scratch pour laccrocher partout ! à partir de 0 an. Dimensions : 17 x 12 cm;Un mini doudou en forme d ananas trop mignon, avec un ruban à scratch pour laccrocher partout ! à partir de 0 an. Dimensions : 17 x 12 cm;'03342;8.5002;0.00;Doudous;40;taxable 
438;Doudou Mini Carotte;Un mini doudou en forme de carotte trop mignon, avec un ruban à scratch pour laccrocher partout ! à partir de 0 an. Dimensions : 17 x 12 cm;Un mini doudou en forme de carotte trop mignon, avec un ruban à scratch pour laccrocher partout ! à partir de 0 an. Dimensions : 17 x 12 cm;'03340;8.5002;0.00;Doudous;17;taxable 
439;Doudou Mini Pomme;Un mini doudou en forme de pomme trop mignon, avec un ruban à scratch pour laccrocher partout ! à partir de 0 an. Dimensions : 17 x 12 cm;Un mini doudou en forme de pomme trop mignon, avec un ruban à scratch pour laccrocher partout ! à partir de 0 an. Dimensions : 17 x 12 cm;'03341;8.5002;0.00;Doudous;93;taxable 
440;Doudou bleu ailé;;;'02833;13.5;0.00;Doudous;30;taxable 
441;Doudou cactus;Un doudou super kawaï, tout rond tout doux, parfait pour un cadeau de naissance ! A partir de 0 an. Dimensions : 20 x 16 cm;Un doudou super kawaï, tout rond tout doux, parfait pour un cadeau de naissance ! A partir de 0 an. Dimensions : 20 x 16 cm;'03336;13.5;0.00;Doudous;9;taxable 
445;Doudou gris à lunettes jaune;Un doudou super kawaï, tout rond tout doux, parfait pour un cadeau de naissance ! A partir de 0 an. Dimensions : 20 x 16 cm;Un doudou super kawaï, tout rond tout doux, parfait pour un cadeau de naissance ! A partir de 0 an. Dimensions : 20 x 16 cm;'02750;13.5;0.00;Doudous;32;taxable 
447;Doudou ice cream;Un doudou super kawaï, tout rond tout doux, parfait pour un cadeau de naissance ! A partir de 0 an. Dimensions : 20 x 16 cm;Un doudou super kawaï, tout rond tout doux, parfait pour un cadeau de naissance ! A partir de 0 an. Dimensions : 20 x 16 cm;'02832;13.5;0.00;Doudous;95;taxable 
451;Doudou ours noir moustache dorée;Un doudou super kawaï, tout rond tout doux, parfait pour un cadeau de naissance ! A partir de 0 an. Dimensions : 20 x 16 cm;Un doudou super kawaï, tout rond tout doux, parfait pour un cadeau de naissance ! A partir de 0 an. Dimensions : 20 x 16 cm;'03705;13.5;0.00;Doudous;33;taxable 
482;Feutres magiques par 16;;;'02791;6;0.00;Coloriages;74;taxable 
483;Feutres ultra lavables par 16;;;'02790;6;0.00;Coloriages;74;taxable 
499;Gobelet chien;Parfait pour le repas des petits, un gobelet en mélamine décoré dun dessin de lillustratrice suédoise Ingela Arrhenius. Hauteur 9 cm, diamètre 7,5 cm. Passe au lave-vaisselle.;Parfait pour le repas des petits, un gobelet en mélamine décoré dun dessin de lillustratrice suédoise Ingela Arrhenius. Hauteur 9 cm, diamètre 7,5 cm. Passe au lave-vaisselle.;'03591;3.2502;0.09;Vaisselle enfants;26;taxable 
501;Gobelet lion;;;'03220;3.2502;0.00;Vaisselle enfants;87;taxable 
504;Gobelets carton BISOUS;;;'03873;2.4498;0.00;Vaisselle de fête;14;taxable 
507;Gobelets fleurs par 8;Huit gobelets à fleurs tropicales en carton, dessinés par My Little Day. Les gobelets à fleurs sont parfaits pour un anniversaire, le carnaval et une boum ! Ils iront également parfaitement pour un pique-nique, une pyjama party, un mariage, un baptême ou encore le réveillon de Noël. Chaque gobelet mesure 9 cm de haut et 8 cm de diamètre.;Huit gobelets à fleurs tropicales en carton, dessinés par My Little Day. Les gobelets à fleurs sont parfaits pour un anniversaire, le carnaval et une boum ! Ils iront également parfaitement pour un pique-nique, une pyjama party, un mariage, un baptême ou encore le réveillon de Noël. Chaque gobelet mesure 9 cm de haut et 8 cm de diamètre.;'01441;2.4498;0.06;Vaisselle de fête;16;taxable 
509;Gobelets losanges roses par 8;8 gobelets en carton à losanges roses, dessinés par My Little Day. Ces gobelets roses sont parfaits pour un anniversaire de princesse, de fée et dange ou encore pour décorer une Sweet Table ! Ils conviennent également pour un pique-nique, une pyjama party, un mariage, un baptême et le réveillon de Noël. Chaque gobelet mesure 9 cm de haut et 7 cm de diamètre. Fabriqués en France.;8 gobelets en carton à losanges roses, dessinés par My Little Day. Ces gobelets roses sont parfaits pour un anniversaire de princesse, de fée et dange ou encore pour décorer une Sweet Table ! Ils conviennent également pour un pique-nique, une pyjama party, un mariage, un baptême et le réveillon de Noël. Chaque gobelet mesure 9 cm de haut et 7 cm de diamètre. Fabriqués en France.;'00657;2.4498;0.06;Accessoires cuisine;81;taxable 
514;Gobelets triangles noirs par 8;8 gobelets en carton à noeuds noirs, dessinés par My Little Day. Les gobelets noirs sont parfaits pour un anniversaire dindien ou de cow-boy ou encore pour une fête dHalloween ! Ils conviendront également parfaitement pour un pique-nique, une pyjama party, un mariage et le réveillon de Noël. Chaque gobelet mesure 9 cm de haut et 8 cm de diamètre. Fabriqués en France.;8 gobelets en carton à noeuds noirs, dessinés par My Little Day. Les gobelets noirs sont parfaits pour un anniversaire dindien ou de cow-boy ou encore pour une fête dHalloween ! Ils conviendront également parfaitement pour un pique-nique, une pyjama party, un mariage et le réveillon de Noël. Chaque gobelet mesure 9 cm de haut et 8 cm de diamètre. Fabriqués en France.;'00658;2.4498;0.06;Vaisselle de fête;53;taxable 
515;Gobelets étoiles bleues par 8;;;'00651;2.4498;0.00;Vaisselle de fête;45;taxable 
544;Guirlande de lettres noires;Cette guirlande de lettres à composer est parfaite pour les anniversaires et fêtes en tous genres, mais aussi tout simplement pour décorer votre intérieur, bureau ou chambre d enfant. Les lettres sont réutilisables donc vous pouvez changer de message aussi souvent que vous voulez ! Contient : 138 lettres en carton, chiffres et symboles et clips en métal. Dimensions des lettres : environ 5 x 10 cm.;Cette guirlande de lettres à composer est parfaite pour les anniversaires et fêtes en tous genres, mais aussi tout simplement pour décorer votre intérieur, bureau ou chambre d enfant. Les lettres sont réutilisables donc vous pouvez changer de message aussi souvent que vous voulez ! Contient : 138 lettres en carton, chiffres et symboles et clips en métal. Dimensions des lettres : environ 5 x 10 cm.;'03057;7.2498;0.00;Guirlandes ;52;taxable 
554;Guirlande en papier rose fushia;;;'01732;8.4;0.00;Guirlandes ;90;taxable 
568;Tirelire Pingouin;Cette tirelire pingouin trouvera sa place dans toutes les chambres d enfant, et les petits y conserveront avec joie leur fortune ;Cette tirelire pingouin trouvera sa place dans toutes les chambres d enfant, et les petits y conserveront avec joie leur fortune ;'04468;2.4498;0.00;Vaisselle de fête;92;taxable 
569;Tirelire Pingouin;;;'04469;8.25;0.00;Déco;62;taxable 
570;Assiettes en carton Licorne par 8;8 assiettes licorne dessinées par My Little Day. Ces assiettes sont parfaites pour un anniversaire sur le thème de la Licorne ou des pays enchantés! Les couleurs des assiettes licorne sont également idéales pour une fête de princesse ou de fée dans un univers magique et féérique ! Ces assiettes égayeront aussi vos pique-niques, vos fêtes de famille ou baby showers! Diamètre : 23 cm.;8 assiettes licorne dessinées par My Little Day. Ces assiettes sont parfaites pour un anniversaire sur le thème de la Licorne ou des pays enchantés! Les couleurs des assiettes licorne sont également idéales pour une fête de princesse ou de fée dans un univers magique et féérique ! Ces assiettes égayeront aussi vos pique-niques, vos fêtes de famille ou baby showers! Diamètre : 23 cm.;'04470;2.4498;0.14;Vaisselle de fête;0;taxable 
575;Gobelets en carton Licorne;;;'04475;2.4498;0.00;Vaisselle de fête;27;taxable 
592;Néon Ananas PETIT;;;'04494;17.5002;0.00;Lampes & veilleuses;87;taxable 
593;Néon Small Flamingo;Un néon sur pied en forme de flamant rose, pour donner une touche "Las Vegas" à votre intérieur ! Mesure 25 cm de hanteur (également disponible en grand format de 45 cm) Fonctionne à piles (non fournies) ou avec un câble USB (fourni) Dimensions : 10 x 7.5 x 25 cm;Un néon sur pied en forme de flamant rose, pour donner une touche "Las Vegas" à votre intérieur ! Mesure 25 cm de hanteur (également disponible en grand format de 45 cm) Fonctionne à piles (non fournies) ou avec un câble USB (fourni) Dimensions : 10 x 7.5 x 25 cm;'04495;17.5002;0.40;Lampes & veilleuses;48;taxable 
594;Néon Rainbow PETIT;Un néon sur pied en forme darc-en-ciel pour donner une touche "Las Vegas" à votre intérieur ! Fonctionne à piles (non fournies) ou avec un câble USB (fourni) Dimensions : 10 x 7.5 x 19 cm;Un néon sur pied en forme darc-en-ciel pour donner une touche "Las Vegas" à votre intérieur ! Fonctionne à piles (non fournies) ou avec un câble USB (fourni) Dimensions : 10 x 7.5 x 19 cm;'04497;17.5002;0.40;Lampes & veilleuses;91;taxable 
595;Néon Flamingo GRAND;Un néon sur pied en forme de flamant rose, pour donner une touche tropicale à votre intérieur ! Mesure 45 cm de hanteur (également disponible en petit format de 25 cm) Dimensions : L 19 cm x H 45 cm - Base : Ø 8 cm - Câble : L 200 cm Poids : 1.5 kg Variateur sur la base - Câble à brancher sur secteur - Adaptateur inclus- Tube néon inclus (irremplaçable);Un néon sur pied en forme de flamant rose, pour donner une touche tropicale à votre intérieur ! Mesure 45 cm de hanteur (également disponible en petit format de 25 cm) Dimensions : L 19 cm x H 45 cm - Base : Ø 8 cm - Câble : L 200 cm Poids : 1.5 kg Variateur sur la base - Câble à brancher sur secteur - Adaptateur inclus- Tube néon inclus (irremplaçable);'04499;34.9998;0.00;Lampes & veilleuses;94;taxable 
596;Néon Cactus GRAND;Un néon sur pied en forme de cactus, pour donner une touche exotique à votre intérieur ! Mesure 45 cm de hanteur (également disponible en petit format de 25 cm) Dimensions : L 19 cm x H 45 cm - Base : Ø 8 cm - Câble : L 200 cm Poids : 1.5 kg Variateur sur la base - Câble à brancher sur secteur - Adaptateur inclus- Tube néon inclus (irremplaçable);Un néon sur pied en forme de cactus, pour donner une touche exotique à votre intérieur ! Mesure 45 cm de hanteur (également disponible en petit format de 25 cm) Dimensions : L 19 cm x H 45 cm - Base : Ø 8 cm - Câble : L 200 cm Poids : 1.5 kg Variateur sur la base - Câble à brancher sur secteur - Adaptateur inclus- Tube néon inclus (irremplaçable);'04500;34.9998;0.00;Lampes & veilleuses;79;taxable 
597;Néon Cactus PETIT;Un néon sur pied en forme de cactus, pour donner une touche exotique à votre intérieur ! Mesure 25 cm de hauteur (également disponible en grand format de 45 cm) Fonctionne à piles (non fournies) ou avec un câble USB (fourni) Dimensions : 10 x 7.5 x 26 cm;Un néon sur pied en forme de cactus, pour donner une touche exotique à votre intérieur ! Mesure 25 cm de hauteur (également disponible en grand format de 45 cm) Fonctionne à piles (non fournies) ou avec un câble USB (fourni) Dimensions : 10 x 7.5 x 26 cm;'04501;17.5002;0.40;Lampes & veilleuses;36;taxable 
611;Jeu 7 familles;<p>Découvrez ces 7 familles du siècle dernier... <br>Des personnages rigolos pour un grand classique à découvrir sans attendre ! <br>Pour petits et grands. <br>Dimensions de la boite : 10 x 8 x 2 cm</p>;<p>Découvrez ces 7 familles du siècle dernier... <br>Des personnages rigolos pour un grand classique à découvrir sans attendre ! <br>Pour petits et grands. <br>Dimensions de la boite : 10 x 8 x 2 cm</p>;'04516;3.75;0.00;Jeux;93;taxable 
624;Illusions d'optique;;;'00754;3.75;0.00;Jeux;18;taxable 
632;Jeux de ficelle;<p>Une jolie boite contenant 18 jeux de ficelle de notre enfance, du plus facile au plus difficile ! <br>Faites un noeud à la ficelle fournie et... C'est parti ! <br>Dimensions de la boîte : 10 x 8 x 2 cm. <br>Contient 18 fiches explicatives et 1 ficelle.</p>;<p>Une jolie boite contenant 18 jeux de ficelle de notre enfance, du plus facile au plus difficile ! <br>Faites un noeud à la ficelle fournie et... C'est parti ! <br>Dimensions de la boîte : 10 x 8 x 2 cm. <br>Contient 18 fiches explicatives et 1 ficelle.</p>;'00308;3.75;0.00;Jeux;39;taxable 
670;Lettres Noires pour lightbox;<p>Pack de 85 lettres et symboles, à utiliser avec les lightboxes A5 et A4 (vendues séparément). <br>Dimensions : 6,5 x 4,5 cm par lettre.</p>;<p>Pack de 85 lettres et symboles, à utiliser avec les lightboxes A5 et A4 (vendues séparément). <br>Dimensions : 6,5 x 4,5 cm par lettre.</p>;'03613;6;0.00;Lightbox;57;taxable 
681;Lightbox A4 blanche;;;'04040;22.5;0.00;Lightbox;40;taxable 
683;Lightbox A4 rose pâle;;;'03523;22.5;0.00;Lightbox;29;taxable 
684;Lightbox A4 vert mint;;;'03524;22.5;0.00;Lightbox;26;taxable 
685;Lightbox A5;;;'02845;13.2498;0.00;Lightbox;2;taxable 
688;Lignes de la main;;;'02793;3.75;0.00;Jeux;65;taxable 
761;Matryochka crèche;<p>De jolies poupées russes représentant une crèche de Noël et illustrées par la dessinatrice suédoise Ingela P. Arrhenius, qui seront adorables sur une étagère dans un salon ou une chambre d enfant. <br>Elles s'emboitent les unes dans les autres comme les vraies matryoshka ! <br>Dimensions : de 2 cm à 11 cm de la plus petite à la plus grande. <br>En plastique moulé.</p>;<p>De jolies poupées russes représentant une crèche de Noël et illustrées par la dessinatrice suédoise Ingela P. Arrhenius, qui seront adorables sur une étagère dans un salon ou une chambre d enfant. <br>Elles s'emboitent les unes dans les autres comme les vraies matryoshka ! <br>Dimensions : de 2 cm à 11 cm de la plus petite à la plus grande. <br>En plastique moulé.</p>;'01704;13.2498;0.00;Déco Noel;66;taxable 
762;Matryochka tableau noir;De jolies poupées russes "tableau noir"à décorer avec des craies,qui seront adorables sur une étagère dans un salon ou une chambre d enfant. Elles s emboitent les unes dans les autres comme les vraies matryoshka ! Dimensions : de 2 cm à 11 cm de la plus petite à la plus grande. En plastique moulé. Craies fournies.;De jolies poupées russes "tableau noir"à décorer avec des craies,qui seront adorables sur une étagère dans un salon ou une chambre d enfant. Elles s emboitent les unes dans les autres comme les vraies matryoshka ! Dimensions : de 2 cm à 11 cm de la plus petite à la plus grande. En plastique moulé. Craies fournies.;'02487;10.0002;0.00;Loisirs créatifs;57;taxable 
763;Matryochkas blanches à colorier;;;'02359;10.0002;0.00;Loisirs créatifs;21;taxable 
765;Memory retro;;;'01706;7.2498;0.00;Jeux;28;taxable 
766;Memory visages;;;'01436;7.2498;0.00;Jeux;14;taxable 
767;Miniatures Etoiles jaune;<p>Ne sont-elles pas adorables ? <br>Ces miniatures seront parfaites sur une étagère de chambre d enfant, ou comme mini cadeau ! <br>Dimensions : entre 3 et 5 cm. <br>Décoratif (ne s'allument pas).</p>;<p>Ne sont-elles pas adorables ? <br>Ces miniatures seront parfaites sur une étagère de chambre d enfant, ou comme mini cadeau ! <br>Dimensions : entre 3 et 5 cm. <br>Décoratif (ne s'allument pas).</p>;'03608;4.0002;0.00;Petits cadeaux;99;taxable 
768;Miniatures Etoiles rose;<p>Ne sont-elles pas adorables ? <br>Ces miniatures seront parfaites sur une étagère de chambre d enfant, ou comme mini cadeau ! <br>Dimensions : entre 3 et 5 cm. <br>Décoratif (ne s'allument pas).</p>;<p>Ne sont-elles pas adorables ? <br>Ces miniatures seront parfaites sur une étagère de chambre d enfant, ou comme mini cadeau ! <br>Dimensions : entre 3 et 5 cm. <br>Décoratif (ne s'allument pas).</p>;'03604;4.0002;0.00;Petits cadeaux;13;taxable 
770;Miniatures Ice cream;<p>Ne sont-elles pas adorables ? <br>Ces miniatures seront parfaites sur une étagère de chambre d enfant, ou comme mini cadeau ! <br>Dimensions : entre 3 et 5 cm. <br>Décoratif (ne s'allument pas).</p>;<p>Ne sont-elles pas adorables ? <br>Ces miniatures seront parfaites sur une étagère de chambre d enfant, ou comme mini cadeau ! <br>Dimensions : entre 3 et 5 cm. <br>Décoratif (ne s'allument pas).</p>;'03603;4.0002;0.00;Petits cadeaux;78;taxable 
772;Miniatures Poires;<p>Ne sont-elles pas adorables ? <br>Ces miniatures seront parfaites sur une étagère de chambre d enfant, ou comme mini cadeau ! <br>Dimensions : entre 3 et 5 cm. <br>Décoratif (ne s'allument pas).</p>;<p>Ne sont-elles pas adorables ? <br>Ces miniatures seront parfaites sur une étagère de chambre d enfant, ou comme mini cadeau ! <br>Dimensions : entre 3 et 5 cm. <br>Décoratif (ne s'allument pas).</p>;'03605;4.0002;0.00;Petits cadeaux;4;taxable 
774;Miniatures rainbow soleil lune;<p>Ne sont-elles pas adorables ? <br>Ces miniatures seront parfaites sur une étagère de chambre d enfant, ou comme mini cadeau ! <br>Dimensions : entre 3 et 5 cm. <br>Décoratif (ne s'allument pas).</p>;<p>Ne sont-elles pas adorables ? <br>Ces miniatures seront parfaites sur une étagère de chambre d enfant, ou comme mini cadeau ! <br>Dimensions : entre 3 et 5 cm. <br>Décoratif (ne s'allument pas).</p>;'03714;4.0002;0.00;Petits cadeaux;54;taxable 
805;Mix and match;;;'02488;8.25;0.00;Jeux;73;taxable 
864;Nouvelles illusions d'optiques;<p>Avec ces 50 nouvelles illusions, découvrez des images toujours aussi inscroyables ! <br>Dimensions de la boîte : 10 x 8 x 2 cm.</p>;<p>Avec ces 50 nouvelles illusions, découvrez des images toujours aussi inscroyables ! <br>Dimensions de la boîte : 10 x 8 x 2 cm.</p>;'00558;3.75;0.00;Jeux;20;taxable 
1127;Doudou Panda;;;'04629;13.5;0.00;Doudous;89;taxable 
1128;Doudou Ananas à lunettes;;;'04630;13.5;0.00;Doudous;60;taxable 
1131;Doudou mini Fraise;;;'04633;8.5002;0.00;Doudous;10;taxable 
1134;Doudou Ours beige à moustache;;;'04636;13.5;0.00;Doudous;98;taxable 
1135;Doudou Dino rose;;;'04637;13.5;0.00;Doudous;14;taxable 
1150;Sac à dos enfants icecream rose;<p>Parfait pour l'école ou pour partir en ballade, un sac-à-dos pour enfant "ice cream" super pratique avec sa grande poche. <br>Dimensions : 32.5 x 25.5 x 14.5 cm. <br>Lavable à la main.</p>;<p>Parfait pour l'école ou pour partir en ballade, un sac-à-dos pour enfant "ice cream" super pratique avec sa grande poche. <br>Dimensions : 32.5 x 25.5 x 14.5 cm. <br>Lavable à la main.</p>;'03064;9.4998;0.00;Accessoires Enfants;98;taxable 
1182;Semainier Graphic;<p>L'indispensable bloc pour bien organiser ses semaines.<br> Au bureau ou à la maison, une semaine par page, on y note tous les moments importants pour ne rien oublier.5 <br>2 pages à détacher.</p>;<p>L'indispensable bloc pour bien organiser ses semaines.<br> Au bureau ou à la maison, une semaine par page, on y note tous les moments importants pour ne rien oublier.5 <br>2 pages à détacher.</p>;'04586;6.2502;0.00;Blocs note;60;taxable 
1183;Semainier coloring;<p>L'indispensable bloc pour bien organiser ses semaines.<br> Au bureau ou à la maison, une semaine par page, on y note tous les moments importants pour ne rien oublier.5 <br>2 pages à détacher.</p>;<p>L'indispensable bloc pour bien organiser ses semaines.<br> Au bureau ou à la maison, une semaine par page, on y note tous les moments importants pour ne rien oublier.5 <br>2 pages à détacher.</p>;'03507;6.2502;0.00;Blocs note;19;taxable 